,ID,Author,Parent ID,Score,Created,Content,Subreddit
0,kezlltq,Bubbly_Day5506,t3_18quiby,1,2023-12-26 15:23:22,"Set your stoploss, as price rises adjust stoploss. I have no anxiety lol",r/solana
1,kezlhc1,yolo-pumper,t1_kezl9hi,1,2023-12-26 15:22:19,Working for me. Just type monkeyhaircut into the search bar on that site if it's not for you.,r/solana
2,kezlf0r,Bubbly_Day5506,t1_kezaqbu,1,2023-12-26 15:21:49,I decided not to flip it.,r/solana
3,kezld1e,george_watsons1967,t3_18qsike,1,2023-12-26 15:21:22,"BONK will go to 10B mcap in it's next run (imo), based on SHIBA and ETH's mcap comparison what happened there. SOL at 300B, BONK at 10B mcap (3%). SHIBA was ~10% of eth mcap at ath.  Depends on you if those Xs fit your portf. I don't see BONK disappearing, it's loved by everyone and basically saved solana last year. So my guess is it will consolidate and have another 1-2 runs this bull.",r/solana
4,kezl9hi,Additional_Move1304,t1_kezkncx,0,2023-12-26 15:20:33,Yr link goes nowhere,r/solana
5,kezl8w2,Practical_Payment552,t1_kezk4f7,1,2023-12-26 15:20:25,Lol,r/solana
6,kezl3x5,ClitFairy-,t3_18r6n2v,1,2023-12-26 15:19:15,Local Top is in,r/solana
7,kezl1xk,Reddit-CEO-Verified,t1_kezkbx3,2,2023-12-26 15:18:47,"Good TA, might be Solanas blessing from the charts right side. Right side means great green dildos incoming.",r/solana
8,kezkz4i,allyjhughes,t3_18r6cva,0,2023-12-26 15:18:07,dogwifhat,r/solana
9,kezkz03,SoggyChilli,t3_18qleop,1,2023-12-26 15:18:06,Look at the DED coin on polkadot!,r/solana
