,Title,ID,Author,URL,Score,Comment Count,Created,Content,Subreddit
0,Phantom shows as unconnected wallet.,18r8wjx,DethMyst,https://www.reddit.com/r/solana/comments/18r8wjx/phantom_shows_as_unconnected_wallet/,2,1,2023-12-26 15:10:06,"Connects with Jupiter but brings me to the app store when I try to connect with anything else, like Raydium or Orca. Why???",r/solana
1,Thoughts? Opinions? Financial advices?,18r8p4m,CarWorth6897,https://i.redd.it/ni29hwp1bn8c1.jpeg,4,6,2023-12-26 14:59:49,,r/solana
2,Sent Sol but it didnt arrive even though it says sent,18r8dho,After_Balance6744,https://www.reddit.com/r/solana/comments/18r8dho/sent_sol_but_it_didnt_arrive_even_though_it_says/,1,1,2023-12-26 14:41:48,Sent 10 Euros to the exchange and it doesnt show the balance even though i sent it,r/solana
3,Transaction reverted during simulation,18r6o0l,the-complete-fool,https://www.reddit.com/r/solana/comments/18r6o0l/transaction_reverted_during_simulation/,2,1,2023-12-26 13:00:25,man when shit is buzzing swapping to sol on raydium is really hard any tips. i tried changing my slippage to even 2% nothing seems to budge   &#x200B;,r/solana
4,would it be foolish to buy SOL now?,18r6n2v,Practical_Payment552,https://www.reddit.com/r/solana/comments/18r6n2v/would_it_be_foolish_to_buy_sol_now/,7,43,2023-12-26 12:58:52,No one knows the future indeed.  But I've come to grow some faith in SOL by hearing this and that   and starting to get bullish..   More advice as to how to research? I'm a noob and only have BTC. ,r/solana
5,Advice for new people in Solana,18r6i79,Whole-Quiet6974,https://www.reddit.com/r/solana/comments/18r6i79/advice_for_new_people_in_solana/,5,3,2023-12-26 12:49:33,"if it is so tempting after all  \-- download a new wallet, try the scam link and then delete it  https://preview.redd.it/o2sl5hf9nm8c1.png?width=1280&format=png&auto=webp&s=2eca7822ba35623d19e5c06d0d531e244adc5e4b",r/solana
6,Which Solana meme tokens have great potential this year?,18r6cva,hdkcbxv,https://www.reddit.com/r/solana/comments/18r6cva/which_solana_meme_tokens_have_great_potential/,9,33,2023-12-26 12:39:47,Curious to hear your opinion!,r/solana
7,"Marinade versus Jito, which one has more price potential.",18r661j,Vincent_Lionheart,https://www.reddit.com/r/solana/comments/18r661j/marinade_versus_jito_which_one_has_more_price/,2,1,2023-12-26 12:27:11,"Marinade Finance (MNDE) has a higher total value locked (TVL) than Jito (JTO), which means it has more liquidity and users. Marinade Finance has a TVL of $1.24 billion, whereas Jito had a TVL of $726 million.  Jito (JTO) has a higher market capitalization and token price than Marinade Finance (MNDE), which means it has more demand and valuation.   So, it has less marketcap but it is more expensive.  Jito (JTO) offers a lower annual percentage yield (APY) than Marinade Finance (MNDE), which means it has less rewards for staking Solana (SOL). 6.9% APY for jito versus 9.1% APY for marinade.  Jito (JTO) has some additional features that Marinade Finance (MNDE) does not have, such as its block building engine and MEV infrastructure, which could give it an edge in the long term. Jito also had a successful token launch and airdrop, which boosted its popularity and exposure.  Sentiment is on jito's side and it is on binance and coinbase, but marinade is only on coinbase. Feel free to add technical analysis, perhaps something weekly.  &#x200B;",r/solana
8,lost my phantom wallet 12 phrase,18r53sa,Expert_Concert_2481,https://www.reddit.com/r/solana/comments/18r53sa/lost_my_phantom_wallet_12_phrase/,8,11,2023-12-26 11:15:32,how do i login my phantom wallet my iphone is dead and isn't opening for past 7 hours  and i tried opening  it through my shit laptop but it say's it needs 12 phrase i know the password how do i login,r/solana
9,"Solana Surges in Price and Activity! | Data on Wallets, Transactions, Fees, Inflation and Supply | Dec 2023",18r4rsg,Acidyo,https://peakd.com/hive-167922/@dalz/solana-surges-in-price-and-activity-or-data-on-wallets-transactions-fees-inflation-and-supply-or-dec-2023,6,1,2023-12-26 10:53:00,,r/solana
10,Forget the memecoins for a moment,18r3o4w,SurpriseStreet,https://www.reddit.com/r/solana/comments/18r3o4w/forget_the_memecoins_for_a_moment/,8,3,2023-12-26 09:34:26,"Since getting into crypto back in 2013, a large reason that I am not currently sipping cocktails in Bermuda would have to be because of being burned by multiple meme(sh**)coins over the years - thanks mild gambling addiction.   Again, this was the case after coming into the SOL ecosystem during the last bull run where I just couldn't help piling money into various low caps in the hope of finding the holy grail. I've played a lot with defi platforms across SOL,ETH,DOT and the fact is that SOL stands head and shoulders above all others in terms usability and already is incredibly diverse with exciting projects that actually have interesting utilities. I've had my eye and stake in projects like MEDIA, PYTH, LIKE, ATLAS with MEDIA in particular having a lot of upside potential and seems to be on the move. I wonder if anyone has other tokens backed with real utility that could be exciting to get into? Likewise, I'd be very interested if there are other defi networks that people have had particularly good experiences with?   Of course I will still be having a flutter on coins like bonk and samo but as this is not a viable ""investment strategy"" and I am already concerned by the up tick in shilling of useless stuff like dogs with hats and the like. I don't want to see the community burned by rug pulls because SOL can offer us all so much more!",r/solana
11,Never Connect your wallet to website you dont trust(MEMEVIBZ IS SCAM),18r3k27,TinyTheKingStone,https://www.reddit.com/r/solana/comments/18r3k27/never_connect_your_wallet_to_website_you_dont/,14,9,2023-12-26 09:26:33,hi guys i got memevibz airdrops2 days ago  and after that  i was curious about this air drop so i created new wallet and send this air drop and 1 usd sol to new wallet and connected my  new wallet to it and afew second later my wallet was drained even  that air drop token disappeared i knew something like this will happen but This has made me feel strongly about never connect your wallet to any website you don't trust. MEMEVIBZ IS SCAM,r/solana
12,Solana Wrapped 2023 is out!!!!,18r3ajz,0_human0,https://www.solanawrapped.xyz/,10,3,2023-12-26 09:08:19,,r/solana
13,Meow here. I am the founder of Jupiter. AMA!,18r31pb,weremeow,https://www.reddit.com/r/solana/comments/18r31pb/meow_here_i_am_the_founder_of_jupiter_ama/,48,44,2023-12-26 08:51:19,"Hi everyone, founder of Jupiter here to answer any questions you guys have about our product, origin story, upcoming JUP launch, and where we see the role Jupiter playing in the future, or about anything at all.  PS: Would also love to know from all of you how we can improve in anything. Feedback is super important to our progress!  [Proof of id](https://x.com/weremeow/status/1735545597015511412?s=46&t=NpJYoNqI_F2pi0TXrtwLLw)   Reading materials:  * [Long Twitter Essay where we discuss JUP, PIE, META, Mercurial](https://x.com/weremeow/status/1735544950417436806?s=20) * [Jupiter Strategy in Discord Screenshots](https://x.com/weremeow/status/1736888149291466819?s=20) * What People Say: [DCA](https://x.com/0xfoobar/status/1735854106722336883?s=20), [Love At First Swap](https://x.com/KEMOS4BE/status/1738361680978153537?s=20), [Grand Central Station](https://twitter.com/TopoGigio_sol/status/1737844551317147964) * Goal: Bring [The Decentralized Meta](https://twitter.com/weremeow/status/1731640158355882445), [Jupiter](https://x.com/JupiterExchange/status/1736144803279339602?s=20) * Operate: [Operating Ethos](https://x.com/weremeow/status/1737847520750166074?s=20) * Media: [Breakpoint Talk, Lightspeed and Good Game Podcast](https://meow.bio/media)  &#x200B;",r/solana
14,how to create a coin through solana blockchain,18r2trj,No_Transition_4321,https://www.reddit.com/r/solana/comments/18r2trj/how_to_create_a_coin_through_solana_blockchain/,1,2,2023-12-26 08:35:26,anyone in here know how to create a sol coin thank you   &#x200B;,r/solana
15,How to find the date when token on solana was deployed on mainnet?,18r1xod,koothrapaliraj,https://www.reddit.com/r/solana/comments/18r1xod/how_to_find_the_date_when_token_on_solana_was/,3,2,2023-12-26 07:36:06,How to find the date when token on solana was deployed on mainnet..  Eg: 7iT1GRYYhEop2nV1dyCwK2MGyLmPHq47WhPGSwiqcUg5 is for $ANALOS .. i want to know when the token was actually deployed on mainnet .. I didnt find this info in any explorers,r/solana
16,Dev is pushing this meme token $Konk Lp burn üî• Renounced safe for me!,18qzvr1,Derhen12,https://i.redd.it/sg15ncd7jk8c1.jpeg,4,10,2023-12-26 05:40:12,https://twitter.com/Konk_Sol/status/1739503836547690725?t=HLbKxlBOF4ZACrFNc7_V2Q&s=19,r/solana
17,Exploring the Potential Ceiling for $BONK in Light of $SHIB's Previous Bull Run Performance,18qzpvq,Several_Region_3710,https://www.reddit.com/r/solana/comments/18qzpvq/exploring_the_potential_ceiling_for_bonk_in_light/,12,2,2023-12-26 05:31:08,"I've been monitoring the trends in the cryptocurrency market, especially the performance of meme coins during bull runs. Notably, during the last bull run, $SHIB reached an impressive peak of 0.00008. This has sparked my curiosity about the potential upper limits of other similar coins, particularly $BONK.  Considering the historical data and current market dynamics, what are your thoughts on the maximum potential value that $BONK could achieve in a similar bull run scenario? It would be interesting to discuss the factors that could influence its peak value, such as market sentiment, investor behavior, and any significant technological or community developments around $BONK.  Also, I'm curious to hear your perspectives on how the performance of $SHIB during the last bull run might correlate with the future potential of $BONK. Are there any lessons or trends that we can extrapolate from $SHIB's journey to apply to $BONK's possible trajectory?",r/solana
18,Tools to view newly created contracts,18qzmsd,PracticalPossible300,https://www.reddit.com/r/solana/comments/18qzmsd/tools_to_view_newly_created_contracts/,5,2,2023-12-26 05:26:28,Are there any good tools to view newly deployed CA? Also trying to find the best sites to view price action live.,r/solana
19,Anyone has clue any updates on the hack that happened In Solana network (GLMR) moonbeam network.,18qyx72,Strong_Objective_663,https://www.reddit.com/r/solana/comments/18qyx72/anyone_has_clue_any_updates_on_the_hack_that/,2,3,2023-12-26 04:47:33, When is the USDC lost gone be fulfilled? If it ever will? What is the plan to get FLARE tokens utility increased ?   Any üåìbeakers who can share more on SOL.,r/solana
20,Fake Solana Giveaway on YouTube! Don't be fooled.,18qxy3a,K0kyu,https://www.reddit.com/gallery/18qxy3a,18,5,2023-12-26 03:55:23,"There is a fake Solana giveaway posted on Youtube today. It is an AI generated ad showing CEO Brian Armstrong talking. It claims Coinbase bought all of FTX's inventory of Solana in a special deal and will be doubling Solana coins held by Coinbase members. The voice does not match the lips with slurring and extra movements and he blinks repeatedly in an odd way. Solana and Coinbase are spelled with zeros instead of O's.   Beware it shows a QR code and tells people to sign up at solanalive dot com. The ad sponsor is listed as Anchor Media Group SP√ìLKA Z OGRANICZONA ODPOWIEDZIALNOSCIA of Poland.   I tried to report this, but it transfers to Google and wants proof of copyright or other legal requirements. Anyone know how to get it pulled?!",r/solana
21,marginfi is now over $500M in liquidity and just raised caps on some assets,18qw9x7,MacBrennan,https://www.reddit.com/r/solana/comments/18qw9x7/marginfi_is_now_over_500m_in_liquidity_and_just/,2,3,2023-12-26 02:27:35,LST -- the highest yielding Solana LST just been raised  mSOL -- Marinade's LST has just been raised  JTO -- Jito's governance token has just been raised  USDC has just been raised  USDT has just been raised  &#x200B;,r/solana
22,What does it mean for an asset to take time in realizing returns during trading,18qvmp0,Triefgee101,https://www.reddit.com/r/solana/comments/18qvmp0/what_does_it_mean_for_an_asset_to_take_time_in/,3,1,2023-12-26 01:54:24,"When an asset takes time to start realizing substantial profits , or good return on investment, what does it imply?",r/solana
23,How are token pairs effected by market? Are seals solely made by usd values?,18qv29a,Mattthecat713,https://www.reddit.com/r/solana/comments/18qv29a/how_are_token_pairs_effected_by_market_are_seals/,7,2,2023-12-26 01:26:00,Token A is 8 dollars. Token B is 2 dollars. Swap 1 of token A for 4 of Token B  Token A then gets more expensive. Token A is now worth 12 dollars.   One token A is is now 6 of token B.   Is that how it works for solana? Assuming the other token in swap doesn't increase? Is there an opportunity there?,r/solana
24,"Solflare stake won‚Äôt load, it won‚Äôt show the staked funds. Just greyed out boxes.",18qusy9,Correct-Ad-148,https://www.reddit.com/r/solana/comments/18qusy9/solflare_stake_wont_load_it_wont_show_the_staked/,3,1,2023-12-26 01:13:05,I can‚Äôt get the staked sol on solflare to load. Anyone else having any issues?  The rest of the wallet is loading just fine.,r/solana
25,SOL Anxiety- How do you deal with it?,18quiby,El_Demetrio,https://www.reddit.com/r/solana/comments/18quiby/sol_anxiety_how_do_you_deal_with_it/,14,42,2023-12-26 00:58:23,How do you deal with it?,r/solana
26,"How do you keep updated about presales, air drop or - just launched - tokens in Solana?",18qu81f,TrickAct9118,https://www.reddit.com/r/solana/comments/18qu81f/how_do_you_keep_updated_about_presales_air_drop/,15,14,2023-12-26 00:43:49,And which token has potential to 100x right now,r/solana
27,Unexpected timeouts while using jup.ag swap API in NodeJS,18qu2ed,Topical595,https://www.reddit.com/r/solana/comments/18qu2ed/unexpected_timeouts_while_using_jupag_swap_api_in/,6,3,2023-12-26 00:35:52,"Hi guys, I know this is not the most ideal sub for it, but Jupiter doesn't have their own and they couldn't help me on their Discord, so that's why I hope I can find some good souls over here. After all the aggregator is nearly tied with Solana so I hope it wont be a problem. Well let's now get to the issue. I just started to use the Jupiter swap APIs, but I have one problem with them. It is terribly slow. The code does work, it will swap, but 9 out of 10 times it will time out and I don't know why. I tried to find out where the code gets stuck and it is on the following code:  `await connection.confirmTransaction(txid);` Why could that be? I have also used different RPC endpoints, for example the Helius one, and it was still super slow. I have also made a ""race"" between trying to swap in in the Jupiter GUI using my custom Helios RPC endpoint and my code with the same Helios RPC endpoint and the GUI was significantly faster. What am I missing please? What rpc endpoints should I use?This is the code:  `const { Connection, Keypair, VersionedTransaction } = require('@solana/web3.js');`  `const fetch = require('cross-fetch');`  `const bs58 = require('bs58');`  &#x200B;  &#x200B;  `const private_key = 'YOUR_PRIVATE_KEY';`  `const inputMint = 'So11111111111111111111111111111111111111112';`  `const outputMint = 'EPjFWdd5AufqSSqeM2qN1xzybapC8G4wEGGkZwyTDt1v';`  `const amount = 100000;`  `const slippageBps = 10;`  `const rpcEndpoint = '`[`https://api.mainnet-beta.solana.com`](https://api.mainnet-beta.solana.com)`';`  &#x200B;  `//setup connection`  `const connection = new Connection(rpcEndpoint);`  &#x200B;  `// Setup wallet`  `const secretKey = bs58.decode(private_key);`  `const wallet = Keypair.fromSecretKey(secretKey);`  &#x200B;  `async function swap() {`  `try {`  `// Get quote`  `const quoteResponse = await (`  `await fetch(\`[https://quote-api.jup.ag/v6/quote?inputMint=${inputMint}&outputMint=${outputMint}&amount=${amount}&slippageBps=${slippageBps}\`)\`](https://quote-api.jup.ag/v6/quote?inputMint=${inputMint}&outputMint=${outputMint}&amount=${amount}&slippageBps=${slippageBps}`)`)  `).json();`  &#x200B;  `// Get serialized transactions for the swap`  `const { swapTransaction } = await (`  `await fetch('`[`https://quote-api.jup.ag/v6/swap`](https://quote-api.jup.ag/v6/swap)`', {`  `method: 'POST',`  `headers: {`  `'Content-Type': 'application/json'`  `},`  `body: JSON.stringify({`  `quoteResponse,`  `userPublicKey: wallet.publicKey.toString(),`  `wrapAndUnwrapSol: true`  `})`  `})`  `).json();`  &#x200B;  `// Deserialize and sign the transaction`  `const swapTransactionBuf = Buffer.from(swapTransaction, 'base64');`  `const transaction = VersionedTransaction.deserialize(swapTransactionBuf);`  `transaction.sign([wallet]);`  &#x200B;  `// Execute the transaction`  `const rawTransaction = transaction.serialize();`  `const txid = await connection.sendRawTransaction(rawTransaction, {`  `skipPreflight: true,`  `maxRetries: 2`  `});`  `await connection.confirmTransaction(txid);`  &#x200B;  `console.log(\`Swap successful! Transaction ID: ${txid}\`);\`  `console.log(\`View the transaction on Solscan:`[`[https://solscan.io/tx/${txid}\`](https://solscan.io/tx/${txid}`)`](https://solscan.io/tx/${txid}`)`);`  `} catch (error) {`  `console.error('Error during swap:', error);`  `}`  `}`  &#x200B;  `// Run the swap function`  `swap();`  Thank you for your time!  edit: Reddit formatted the code quite weirdly, so here it is on Github formatted better: [https://github.com/jup-ag/jupiter-core-example/issues/13](https://github.com/jup-ag/jupiter-core-example/issues/13)",r/solana
28,What is buypoemcoin.sol and how to find out where the funds come from?,18qtc5l,FlatSalad4625,https://www.reddit.com/r/solana/comments/18qtc5l/what_is_buypoemcoinsol_and_how_to_find_out_where/,8,4,2023-12-25 23:59:53,"A popular influencer on Twitter purchased a coin worth 100,000 USDC using this wallet: 4QPPKbrsKMbQpRqtNyXMWLhPXWFrPFwsJgzyK1VzPbCk ([https://solscan.io/account/4QPPKbrsKMbQpRqtNyXMWLhPXWFrPFwsJgzyK1VzPbCk](https://solscan.io/account/4QPPKbrsKMbQpRqtNyXMWLhPXWFrPFwsJgzyK1VzPbCk)  The 100,000 USDC he received originated from ""buypoemcoin.sol"" (again, check on [solscan.io](https://solscan.io)). I was wondering if it's possible to find out where the funds actually come from because I'm not sure if ""buypoemcoin.sol"" is a real wallet? I was hoping to find out the real source to see if this purchase was legit.  Thanks!",r/solana
29,Is BONK still worth it or what do y‚Äôall think is the next big meme coin ?,18qsike,Mission-Meaning-39,https://www.reddit.com/r/solana/comments/18qsike/is_bonk_still_worth_it_or_what_do_yall_think_is/,54,231,2023-12-25 23:18:18,I‚Äôm getting mixed opinions and I‚Äôm new to this.,r/solana
30,How to trade Solana meme coins (Canada),18qp0mi,Waste_Prize6418,https://www.reddit.com/r/solana/comments/18qp0mi/how_to_trade_solana_meme_coins_canada/,6,10,2023-12-25 20:17:51,"How do I trade the Solana meme coins that have been skyrocketing recently? I'm based in Ontario, Canada.   Are there some Telegram/Discord chats where these are discussed? They are meme coins after all so I assume just used for pump and dump?  Thanks in advance. ",r/solana
31,Looking for Solana token Developer,18qo4kt,Radiant-Loan5587,https://www.reddit.com/r/solana/comments/18qo4kt/looking_for_solana_token_developer/,4,4,2023-12-25 19:31:19,"Looking for a Professional Solana token Developer who can develop a tax token on Solana, HMU if you are familiar with it.",r/solana
32,can anyone help me? I can't seem to destack my solana on ledger.,18qnw18,Vast-Application-263,https://i.redd.it/kng8o37dfh8c1.png,8,6,2023-12-25 19:18:49,,r/solana
33,Stop Trading Solana Meme Coins without THIS... Did we find the next BONK?,18qmx0i,earlcottrell,https://youtu.be/Ce4R_GAyn7c,0,2,2023-12-25 18:27:45,,r/solana
34,Need SOL to buy more SOL with USDC,18qmk5o,Aggravating-Sea-3381,https://www.reddit.com/r/solana/comments/18qmk5o/need_sol_to_buy_more_sol_with_usdc/,8,18,2023-12-25 18:09:10,"Hello SOL community,   I find myself stuck in a very unique predicament, i want to convert all my USDC to SOL but i can‚Äôt since i don‚Äôt have enough SOL. I also can‚Äôt perform any type of transaction within my wallet until i have SOL. Im using solflare btw, any way around around this ? Thank you !",r/solana
35,"Member of this Sub, To The Moon?",18qmanu,Competitive-Try-1163,https://www.reddit.com/r/solana/comments/18qmanu/member_of_this_sub_to_the_moon/,11,11,2023-12-25 17:55:24,"This sub has still 175k members only. I am not tracking the members history of this sub, but wondering if there is any correlation between SOL dominance in crypto market and member's participation in this sub.",r/solana
36,Trust wallet x Solana Issue - Unable to send or receive Solana due to endpoint issues,18qm134,jrwolfs0,https://www.reddit.com/r/solana/comments/18qm134/trust_wallet_x_solana_issue_unable_to_send_or/,5,5,2023-12-25 17:40:55,"Anyone having this issue with Solana in Trust Wallet? Unable to send/receive.   ‚ÄúSolana endpoint issue. Balance, staking and transaction issues are expected. Kindly wait for an update on the app‚Äù",r/solana
37,"I swapped my Solana for USDC using Jupiter, however I'm not seeing the transaction in my transaction history?",18qln0d,Nesquick19,https://www.reddit.com/r/solana/comments/18qln0d/i_swapped_my_solana_for_usdc_using_jupiter/,6,5,2023-12-25 17:19:26,Anybody else having this issue? Most times it will show the transaction history in Jupiter but every so often I cannot find the transaction in my history as well as on solscan. Does anybody know what the issue is?,r/solana
38,Solana mods deleted this. Because it‚Äôs not exceptional advice right now.,18qleop,Efficient-Tart8318,https://i.redd.it/d5cnz29ssg8c1.jpeg,49,85,2023-12-25 17:06:46,"That was the post. Some of you were here last cycle and this is common sense. Many of you werent. We‚Äôre now starting to see posts of people getting scammed. The mods choose to leave up all sorts of bullshit, hell they even leave up my post calling them out. But this post? This they deleted within 5 minutes. If you don‚Äôt think there are tons of people here who need to read that and take it to heart, you‚Äôre wrong.   Mods, apparently disagree. They think you‚Äôre all seasoned and know everything. Mods, respectfully, removing this was stupid and I have no clue how you don‚Äôt feel it‚Äôs more relevant now than ever. Should be stickied as far as I‚Äôm concerned. You guys are either stupid and profiting from these new kids. No good reason to remove this. Not one.",r/solana
39,Where can I see the performance charts for memecoins?,18qkxfo,Roof_rat,https://www.reddit.com/r/solana/comments/18qkxfo/where_can_i_see_the_performance_charts_for/,7,6,2023-12-25 16:40:41,I've got some coins in my wallet and set some alerts but I cannot see a performance chart anywhere.,r/solana
40,Is there a Discord for sol projects?,18qkv1w,Mrccntea,https://www.reddit.com/r/solana/comments/18qkv1w/is_there_a_discord_for_sol_projects/,4,2,2023-12-25 16:37:11,Looking for a discord group where sol projects/gems are being shared?,r/solana
41,"WIF listed on crypto.com, bullish?",18qkqyh,PoundAffectionate300,https://www.reddit.com/r/solana/comments/18qkqyh/wif_listed_on_cryptocom_bullish/,7,4,2023-12-25 16:30:57,WIF got listed on crypto.com yesterday. Do you think coinbase and binance will happen?  https://crypto.com/product-news/crypto-com-app-lists-dogwifhat-wif,r/solana
42,SOL is awesome! It's the only coin I've ever bought that didn't tank overnight. Lol,18qkjk6,supersmoked420,https://www.reddit.com/r/solana/comments/18qkjk6/sol_is_awesome_its_the_only_coin_ive_ever_bought/,136,122,2023-12-25 16:19:25,I'm stoked on SOL!   MERRY CHRISTMAS!!!!!!!!!,r/solana
43,WARNING! PEPE Mk2 https://twitter.com/PepeM2k/ Ran by Known SCAMMERS who Hacked/Hijacked ALLCAPS discord last week,18qk4tw,fairysquirt,https://www.reddit.com/r/solana/comments/18qk4tw/warning_pepe_mk2_httpstwittercompepem2k_ran_by/,12,1,2023-12-25 15:55:45,"Hi in a weird turn of events from this incident: [https://www.reddit.com/r/solana/comments/18lyo3n/psa\_nft\_proj\_allcaps\_discord\_is\_hacked\_watch\_out/](https://www.reddit.com/r/solana/comments/18lyo3n/psa_nft_proj_allcaps_discord_is_hacked_watch_out/)  https://preview.redd.it/ff7xodv8fg8c1.png?width=1362&format=png&auto=webp&s=48a342f62c233e1579b8b8abb8ed76e1b795cf8a  Where the Solana NFT project [https://twitter.com/ALLCAPSonSOL](https://twitter.com/ALLCAPSonSOL) DISCORD was HIJACKED and scam links posted in announcement with chat locked.      I market every post I could with SCAM Emojis and thought i'd stay in that server even though the new ALLCAPS discord has launched just to keep an eye on it.      So I noticed in my server list this PEPEShitToken I did not join, turns out the scammer (as below):     https://preview.redd.it/tf7hc07lfg8c1.png?width=594&format=png&auto=webp&s=0dc42fa65f7a1eda99477809fb8d47c0d4f1235a  Rrebranded AllCaps dead discord they stole (probably for clout stats) to start pushing their next scam to victims.     Avoid [https://twitter.com/PepeM2k/status/1739126093074882716](https://twitter.com/PepeM2k/status/1739126093074882716) at all costs, this project is a rug/scammers creation.     Stay Safe!     \~fairy  &#x200B;",r/solana
44,Can't Convert USDC To Other Tokens In Phantom Wallet,18qjizx,Rajnebula,https://www.reddit.com/r/solana/comments/18qjizx/cant_convert_usdc_to_other_tokens_in_phantom/,4,3,2023-12-25 15:19:28,"Hi,  I have a phantom wallet. I have a problem with it please advise. I have a little bit of usdc in it. How do I convert it? It's asking for Solana but why can't I convert the usdc to Solana, it's crazy.   I don't have Solana to send to it. Is there any solution to it. Please advise.",r/solana
45,I don't understand Solana's price action compared to Algorand,18qjebi,srw,/r/algorand/comments/18pq7wk/i_dont_understand_solanas_price_action_compared/,10,13,2023-12-25 15:11:33,,r/solana
46,Your input and support very much appreciated - how to make Solana community meme coin tradable on DEX,18qja2p,CoinDino,https://www.reddit.com/r/solana/comments/18qja2p/your_input_and_support_very_much_appreciated_how/,5,6,2023-12-25 15:04:02,"   Hello fellow crypto enthusiasts and Merry Christmas!  Myself and 3 peers, all with a tech, but non-coding marketing background, want to launch a cool project on Solana, a community meme token with some real energy and fun behind it to accelerate the rocket! Don‚Äôt get us wrong, we don‚Äôt expect to be rich, we don‚Äôt want to rug pull the token, we just want to have fun and learn how to create a token and grow the community. It's awesome to have your own tradable token, maybe earn something along the way and also give some of the value to charities.   By reading, learning and doing, our ‚Äòdream‚Äô is to launch a successful, tradable meme token project on Solana. We think Solana has one of the better chances to succeed in the crypto scene. After we set up a SOL wallet, did some trading and experimenting, we were impressed by the speed of the blockchain network and the active community. Good chance Solana will rock during the coming bull market.   So what did we do so far and for what we ask for your input and help?  What we did so far:  1. Figured out how to create a token on Solana. This is now done. We can share more info about the project once we have some more answers on the below. 2. We created a Twitter account, website, Discord channel, Telegram, Youtube channel, Instagram & more. Website is finalized, Twitter and other social media channels need to be filled with content.  3. We created, paid for, and now have a Market ID in order to create a Liquidity Pool on Raydium.   Where we need your input and support:  * We want to make the coin tradable and list it on e.g. Coinmarketcap and Coingecko. To make the coin tradable, our thoughts are to first list it on a DEX like Raydium. We have the Market ID, so we are now able to create our Liquidity Pool. However, we now have some questions concerning Liquidity, Project Launch and Scambots . Raydium Telegram/Discord is not really supportive and not much information is found on the internet:  Radium says the following:  *Starting Price, Initial Liquidity and Start time:*   *1) Set the Base Token starting price: This is the number of Quote Tokens needed to purchase 1 Base Token.*   *2) Set Base and Quote token initial liquidity: You can enter one side of initial liquidity and the other side will be calculated according to the Base Token starting price. 3)Set the start date and time that you want your pool to launch. Ensure that you have adequate funds in your wallet for this initial liquidity, then click 'Confirm and Initialize Liquidity Pool'.*  ‚Üí You cannot set the starting price. The only thing we can do is for example choose to add 300M of our meme token ‚ÄòX‚Äô to the liquidity pool as a base token. Our quote token of choice is USDC.   We are not rich, so we can only add limited amount of USDC. Let‚Äôs say you want to add 500 USDC, this is the deciding factor in what the Base Token starting price will become:  500 USDC/300M X = start price 0,000001667 USDC/X  Questions we have:  1. If you can‚Äôt add too much liquidity in USDC from the start, is it easy for 1 person to just buy all the coins and ‚Äòkill the project‚Äô (no liquidity left)? 2. We read stories about people starting their coin LP and they added quite some liquidity (e.g. 10 SOL or 5k USDC) and they lost it all to bots manipulating their coins. How can you prevent this from happening? Just not add too much liquidity? What is the effect on the LP? 3. What would be your suggestion taking the above in consideration in how to start the LP on Raydium? Let‚Äôs say you have close to, but below, 1 Billion token X. How much X would you put in the pool and how much USDC would you put in the pool? 4. Any other tips on how you would continue the roadmap? What DEX or CEX would you go to next to try to make coin X tradable? What should you keep in mind if you want to take this action?  Any input is highly appreciated. Hopefully this can be the start of a fruitful discussion on how to have a fair chance starting a successful new project on Solana. We want to make this a community project, so we‚Äôre looking for volunteers/team members and other enthusiasts to grow the token and the community. We can reward you in token airdrops if you can help us to the next stage of the project!  Thanks and Merry Christmas again!",r/solana
47,LIQUIDITY REMOVE SCAM IN SOLANA ALT COINS !,18qj4qf,moonxxwolf,https://www.reddit.com/r/solana/comments/18qj4qf/liquidity_remove_scam_in_solana_alt_coins/,7,6,2023-12-25 14:55:22,I have been trading solana meme coins in this hype season where i came across this new variation of the scam where they launch a new meme coin with small liquidity and drain it after few minutes.     I've been a developer for a while now but i've only worked in core ETH ecosystem. I would like to understand that if the scammer made the amount that is displayed on transaction (which is roughly doubled the money) or they got few sol of profit on top of their investment.      I have this confusion coz i checked transactions on solscan . and it only indicates the SOL/USDC transactions as valuable transactions. I need to know if alt tokens are worth something or It is useless after liquidity is pulled. since alt tokens are sitting still in scammer wallet.      If anybody can help me understand this it would be great. i am trying to build something to prevent this.,r/solana
48,There is a stream on YouTube from a fake Solana account. The only visible comments in the chat are asking people to send their Sol to get it doubled,18qhsp9,cipher_kid,https://www.reddit.com/r/solana/comments/18qhsp9/there_is_a_stream_on_youtube_from_a_fake_solana/,15,2,2023-12-25 13:30:20,"here is the link   [https://www.youtube.com/watch?v=Se4yGf3KEhI](https://www.youtube.com/watch?v=Se4yGf3KEhI)      I have reported it to YouTube, but perhaps there are faster ways to intervene",r/solana
49,Some ideas for a more prosperous future for Solana?,18qh2ki,marklou7rd,https://www.reddit.com/r/solana/comments/18qh2ki/some_ideas_for_a_more_prosperous_future_for_solana/,19,13,2023-12-25 12:37:20,"Since the Solana network is the most performing blockchain in the world - currently, and it can also handle 50,000 transactions per second with 400 millisecond block times, this makes me optimistic about the prosperous future of the network and the Solana blockchain as I loved the Solana project, so let's discuss something. With the community, which are considered future ideas for the network. üóΩüéáüéÜü§†‚úåÔ∏è  Let's talk real for a sec. We all love the blazing-fast speeds, low fees, and endless memes Solana throws our way. But as this ecosystem explodes, something crucial is missing: a dedicated, thriving community space. üëΩ  Sure, we gather in Discord servers and Telegram groups, flinging GIFs and shilling the next mooning project. But these channels are fragmented, chaotic, and often plagued by bots and noise. We need something better, something that transcends the surface-level hype and fosters genuine connection, learning, and collaboration. üèüÔ∏è  Imagine a Solana Sanctuary, a platform built not just for trading and shilling, but for deep dives into DeFi protocols, educational workshops, hackathons, and artist showcases. A place where seasoned builders mentor eager noobs, where artists mint their masterpieces amidst supportive cheers, and where the future of decentralized finance is debated and shaped by the collective SolMind. üéé  This isn't just a pipe dream, SolFam. Look at Ethereum with its vibrant Devcon conferences and active forums. Look at Polkadot's thriving ambassador program. These communities aren't just marketing gimmicks ‚Äì they're the lifeblood of innovation, the fertile ground where the next groundbreaking dApps sprout. üß´  Solana deserves the same. We need a central hub for Sol enthusiasts, a place where the technical wizardry meets the artistic soul, where the memes mingle with meaningful discussions, and where the future of Web3 is co-created, not just speculated on. ‚òï  This isn't just a call to action for the Solana devs, but for every member of this incredible community. Let's start creating, building, and collaborating. Let's turn the SolFlare into a beacon of shared knowledge and creativity. Let's show the world what happens when a passionate community unites behind a revolutionary blockchain. üßë‚Äçüíª  #SolanaCommunity #SolanaSanctuary #BeyondTheMemeMine #BuildTheFuture #solana  P.S. Want to contribute to this vision? Drop your ideas in the comments! And who knows, maybe there's a role for a domain named ""solblockchain.com"" in all of this...‚úÖ ü§ó",r/solana
50,Exploring Opportunities On Solana,18qh0ur,bordoisse,https://www.publish0x.com/thin-ice/exploring-opportunities-on-solana-xqqenwk,4,2,2023-12-25 12:33:38,,r/solana
51,Did some Natural Language Processing on the Solana Whitepaper. Here are the top 50 most mentioned words!,18qg4k2,IPugnate,https://www.reddit.com/r/solana/comments/18qg4k2/did_some_natural_language_processing_on_the/,6,1,2023-12-25 11:24:36,&#x200B;  https://preview.redd.it/ulkav36n3f8c1.png?width=408&format=png&auto=webp&s=0ee02dc3eeab7fc612d13d70b9dc63348b92aaec,r/solana
52,is PYTH on of the best coin on solana?,18qg4jg,0_olicon_0,https://www.reddit.com/r/solana/comments/18qg4jg/is_pyth_on_of_the_best_coin_on_solana/,5,17,2023-12-25 11:24:32,"I was riding a solana all the way down to 8$ and now back up now looking for a new coin to invest in PYTH cought my eye its build on solana, and its similliar to LINK but better? What do you think guys about PYTH  The only thing i dont like about it its that in 145 days or so there will be unlocked 1,5 billion coins so maybe wait until then to buy?",r/solana
53,Solana Phantom wallet wrong address,18qfrx2,Hot-Golf-2721,https://www.reddit.com/r/solana/comments/18qfrx2/solana_phantom_wallet_wrong_address/,5,4,2023-12-25 10:56:44,"Made big mistake... Got my Solana, NFT, $ANALOS in my Phantom wallet... all was good, but then I try to interact with app, but got 3 messages that App Failed Interact...Now all my assets are gone...but in the app Recent Activity doesn't show any tranfers out... but all assets are gone...  https://preview.redd.it/b9zvqox45f8c1.png?width=346&format=png&auto=webp&s=ff54184f575eddb478138e4691a5f5234651c33a",r/solana
54,How much gas fees have you used this year?,18qfpw5,ExeterSabah,https://www.reddit.com/r/solana/comments/18qfpw5/how_much_gas_fees_have_you_used_this_year/,9,11,2023-12-25 10:52:01,Curious to know how much y'all spend on gas fees in Solana this year. ,r/solana
55,BONK or SOL for the next cycle?,18qfmxz,Live-Captain-8003,https://www.reddit.com/r/solana/comments/18qfmxz/bonk_or_sol_for_the_next_cycle/,17,17,2023-12-25 10:45:18,Does BONK have the potential to overtake DOGE and have more upside? Or should I just stick with acquiring more SOL?  [View Poll](https://www.reddit.com/poll/18qfmxz),r/solana
56,How are Solana staking rewards paid out in Solflare wallet ?,18qevqp,bananenjoe69420,https://www.reddit.com/r/solana/comments/18qevqp/how_are_solana_staking_rewards_paid_out_in/,8,8,2023-12-25 09:43:57,Will they get added daily to my non staked balance ? Thats my guess.,r/solana
57,Please help. My phantom sol has disappeared. Need advice,18qe71c,No_Song_8952,https://i.redd.it/9jyf9k6ace8c1.jpeg,4,6,2023-12-25 08:50:45,"Hello, my solana has disappeared and I don‚Äôt know much about this so was hoping for some help.  I transferred some Solana to my phantom wallet, sent only 1 sol across to be safe and test it (first time transferring), then once in there, tried to stake with this validator, and the sol disappeared. It redirected to Solscan and there was lots of code‚Ä¶. Now it‚Äôs showing nothing and there is nothing left in my wallet. Any ideas?",r/solana
58,"I generated a sol address with command line, but when I import on phantom it's a different pubkey?",18qe1ps,Fabrizio89,https://www.reddit.com/r/solana/comments/18qe1ps/i_generated_a_sol_address_with_command_line_but/,6,4,2023-12-25 08:39:52,How do I import an address generated like that? Or is there another way to create one address compatible with phantom/other wallets?,r/solana
59,can someone explain this to me,18qc5qv,Far-Position7115,https://i.redd.it/nv4qrxuzld8c1.png,10,25,2023-12-25 06:25:39,,r/solana
60,Scammed / All my Phantom wallet withdrawn,18qc08p,Holiday_Word_7357,https://www.reddit.com/r/solana/comments/18qc08p/scammed_all_my_phantom_wallet_withdrawn/,1,10,2023-12-25 06:15:16,Hey the community ! I really need some help.   All my wallet have been withdrawn to a specific account. Do you know how I could get help ?,r/solana
61,Was Solana Delisted on Robinhood?,18qbr1v,Shiba_Inu_Doge_,https://www.reddit.com/r/solana/comments/18qbr1v/was_solana_delisted_on_robinhood/,5,3,2023-12-25 05:58:51,I‚Äôm curious because I saw a buy button today and now it‚Äôs gone,r/solana
62,What to do with sh*tcoins that end up in wallet?,18qbaw5,dusterman74,https://www.reddit.com/r/solana/comments/18qbaw5/what_to_do_with_shtcoins_that_end_up_in_wallet/,12,12,2023-12-25 05:28:27,Are they safe to exchange for sol and be rid of them? Or am I stuck with them. I have heard of dust attacks but not sure how that works,r/solana
63,"Why is there only 1,990 Validators?",18qb4q8,ntan333,https://www.reddit.com/r/solana/comments/18qb4q8/why_is_there_only_1990_validators/,4,2,2023-12-25 05:16:56,Can someone explain?,r/solana
64,"""Pool not found"" trading new tokens with Raydium.",18qalje,turbotum,https://www.reddit.com/r/solana/comments/18qalje/pool_not_found_trading_new_tokens_with_raydium/,8,9,2023-12-25 04:41:41,"I always get this error trying to buy very new tokens on Solana. Are there any Raydium frontends that will allow me to trade very new tokens? It is clear other people (or maybe just bots) are able to interact with new tokens before I am.  Maybe I am missing something? I found some similar posts but nothing seemed to help. Any help is appreciated, thanks for reading!",r/solana
65,Why is FIDA market cap sit around rank 600 while (e-n-s) sit around rank 200,18q9z6y,akill317,https://www.reddit.com/r/solana/comments/18q9z6y/why_is_fida_market_cap_sit_around_rank_600_while/,7,9,2023-12-25 04:00:19,"The only naming service I found for Solana right now.  Feel like FIDA should sit around rank 300 compared to the current rank of SOL and ETH.  It should help use SOL more easily. I feel like a lot of what ENS wants to do can be done with FIDA, a personal decentralized website, etc.  Could anyone give me a reason why, is it undervalued or because of security or any problem that I don't know yet?",r/solana
66,Solana Phone Customization and settings,18q9la5,lusotano,https://www.reddit.com/r/solana/comments/18q9la5/solana_phone_customization_and_settings/,7,1,2023-12-25 03:33:55,Merry Christmas everyone. I just received my Saga today.  Phone is great but I'm finding difficulties personalizing it to my liking.  Could someone indicate to me where I could go and change settings to show the main menu as pages instead of an alphabetical order of all the apps on the phone?  I like to personalize the main app menu per pages on type of apps instead of having a long list of apps that needs to be scrolled down to on an alphabetical order. I haven't really been able to find settings to change this on the phone after spending hours looking for it,r/solana
67,[HELP] How do I transfer my token? Did I f- up?,18q9bn9,wetshrek_,https://www.reddit.com/r/solana/comments/18q9bn9/help_how_do_i_transfer_my_token_did_i_f_up/,4,6,2023-12-25 03:16:06,"So, as the title said. How do I transfer my token on Solana? Do I send it to just like my Solana address or to ""Associated Token Account"" address? Since I did sent it to ""Associated Token Account"", the explorer said a success on ""SPL Transfer"" tab but the balance still 0 on my ""Associated Token Account"". If I f- up can I recover from this? Let me know if you need more info/screenshot.  &#x200B;  I use Solflare for my wallet, and yes I did try contacting support but not gotten any answer yet.  If it's wrong place to ask please let me know where to ask.",r/solana
68,Investing for my kids. Opened them an account in my wife's name.,18q91yh,BentWookie33,https://www.reddit.com/r/solana/comments/18q91yh/investing_for_my_kids_opened_them_an_account_in/,36,33,2023-12-25 02:59:17,Had a bunch of cash from family for Christmas for my boys that we didn't know what to do with. Decided to open them a crypto account and fund over time. So far got them btc and sol. What other long term recommendations? I'm not super partial to the ethereum network fyi.,r/solana
69,Best way to trade out of meme coins?,18q8knw,zapgappop,https://www.reddit.com/r/solana/comments/18q8knw/best_way_to_trade_out_of_meme_coins/,10,6,2023-12-25 02:28:42,Just curious. I have a bunch of a meme coin and it‚Äôs gone up a. Bunch of I use the solflare wallet. It says to trade I need a small amount of sol. Should I do that to trade to and from or should I just use Jupiter or is there better ways?,r/solana
70,üöÄStar Atlas And The Future Of The Metaverse!,18q8ivj,Dependent-Ad424,https://youtu.be/-rKi0kyuHmA?si=a8VBt-N5VWnrwrx0,6,1,2023-12-25 02:25:28,Solana blockchain game!!!,r/solana
71,How to send Solana from trust wallet to MEXC ? Please help.,18q87p3,Gill_TheGreat,https://www.reddit.com/r/solana/comments/18q87p3/how_to_send_solana_from_trust_wallet_to_mexc/,7,5,2023-12-25 02:05:52,Transaction is not going through.,r/solana
72,Market id cost on solana and too many rugs,18q64at,fthozts26,https://www.reddit.com/r/solana/comments/18q64at/market_id_cost_on_solana_and_too_many_rugs/,9,6,2023-12-25 00:07:27,"I am tradimg meme coins on solana, but there is something I don't understand. People rugging their projects for $30-$50. Isn't it already 3 4 sol to get a market ID? Why they are doing this ?",r/solana
73,"Solana News - Saga Phone, Phantom Wallet, Metaplex NFT, Jupiter DEX, Meme Coins, Breakpoint & MORE",18q3snn,aItalianStallion,https://youtu.be/HKhxKToyg1E,8,3,2023-12-24 22:01:40,,r/solana
74,Is this true about Solana? Diluted.,18q3o5x,sweetpablos,https://www.reddit.com/gallery/18q3o5x,34,148,2023-12-24 21:55:18,"Was doing some DD before I really ape hard into Solana and came across this. If it‚Äôs true, I don‚Äôt want to be a apart of the dilution.",r/solana
75,What is the right Website for Radium?,18q39sa,hdkcbxv,https://www.reddit.com/r/solana/comments/18q39sa/what_is_the_right_website_for_radium/,6,3,2023-12-24 21:34:19,Can someone please send me a legit Link please? (No DM  - I will not respond).   Thank you!  And is there also USDC (Solana network)  that I can use to trade for Solana?,r/solana
76,Cannot swap on raydium using solflare what am I doing wrong?,18q36dr,zapgappop,https://www.reddit.com/r/solana/comments/18q36dr/cannot_swap_on_raydium_using_solflare_what_am_i/,8,4,2023-12-24 21:29:32,Trying to get some monk with sol. It constantly says ‚Äúcannot simulate trade‚Äù then says error after trying to trade. No idea what the deal is honestly. Super annoying.,r/solana
77,What is Solana‚Äôs long-term ledger size solution?,18q34o5,ReddSpark,https://www.reddit.com/r/solana/comments/18q34o5/what_is_solanas_longterm_ledger_size_solution/,7,3,2023-12-24 21:26:55,"I keep coming across this criticism of Solana on X. Solana‚Äôs ledger size increases by 4pb every year. That‚Äôs an insane amount and means only a limited number of folks can run an archive node.   Does Solana have a long term solution to chain growth? Its website doesn‚Äôt fill anyone with confidence:  ‚Ä¶‚Ä¶   Ledger Replication  Note: this ledger replication solution was partially implemented, but not completed. The partial implementation was removed by https://github.com/solana-labs/solana/pull/9992 in order to prevent the security risk of unused code. The first part of this design document reflects the once-implemented parts of ledger replication. The second part of this document describes the parts of the solution never implemented.  Proof of Replication  At full capacity on a 1gbps network solana will generate 4 petabytes of data per year. To prevent the network from centralizing around validators that have to store the full data set this protocol proposes a way for mining nodes to provide storage capacity for pieces of the data.",r/solana
78,Why do people ask for Sol addresses? What are the risks of sharing your address?,18q33rw,FrankieFerraro,https://i.redd.it/4e77x081ya8c1.jpeg,15,6,2023-12-24 21:25:30,,r/solana
79,Bonk team just gave away hundreds of thousands in bonk rewards for Christmas (bonkmas),18q2pup,you_cut_me_off,https://i.redd.it/m5vh1uxhua8c1.jpeg,4,7,2023-12-24 21:05:41,The most highly integrated meme coin on solana just dropped an early Christmas present for its active loyal holders. Just claimed $900 for having completed some simple tasks for bonkmas. Tasks involved using dapps to educate and familiarize yourself with the solana/bonk ecosystem.,r/solana
80,Need Help - Swapping Coins creating an error. Not sure why,18q26hr,ToughYard8730,https://i.redd.it/5e9d7bolpa8c1.jpeg,7,10,2023-12-24 20:38:15,Keep getting this error. Anyone know why and how to fix? (Just a sample transaction) This happens randomly with some cryptos and is ruining a lot of my profits I could have gained  Using birdseye in Solflare.,r/solana
81,Question to Tokens and their metadata.,18q1z6i,Accomplished-Wind-63,https://www.reddit.com/r/solana/comments/18q1z6i/question_to_tokens_and_their_metadata/,5,1,2023-12-24 20:27:36,"Hey guys I'm new here , we as a community came across a problem , how to update metadata of a token. We have a picture as PFP that is not really good. made a new logo for it. Is it possible to change that ? We would love to figure out to change that.. hope somebody has some infos and is open to help ... Love out to you guys! ‚ô•Ô∏è",r/solana
82,Verification for collectable in phantom wallet,18q0iqa,ArunFN,https://www.reddit.com/r/solana/comments/18q0iqa/verification_for_collectable_in_phantom_wallet/,4,5,2023-12-24 19:13:53,"Hey guys so when I go into my phantom wallet I have a collectible called bonk airdrop, i go on the website and it says I am eligible for 20mil bonk if I connect my wallet. Now I have been trading bonk a lot recently do this would make some sense but does anyone know any way I can verify this isn‚Äôt a scam or anything? Thanks for the help.",r/solana
83,Where is the best place to cash out cryptos with the lowest fees,18pzpf9,stoneymaloney34,https://www.reddit.com/r/solana/comments/18pzpf9/where_is_the_best_place_to_cash_out_cryptos_with/,20,24,2023-12-24 18:32:20,Where can you cash out crypto with the lowest fees?,r/solana
84,does solana have any good decentralized flatcoins or stablecoins?,18pzhcq,frozengrandmatetris,https://www.reddit.com/r/solana/comments/18pzhcq/does_solana_have_any_good_decentralized_flatcoins/,5,4,2023-12-24 18:21:28,"there is an ETH project called reflexer RAI that creates, I guess you would call it a flatcoin because it's not pegged to anything but the value of RAI is pretty stable. does solana have a project that aims to achieve the same thing? I am not a big fan of centralized stablecoins. a sensible alternative would be an overcollateralized dollar-pegged stablecoin where the collateral doesn't consist of any centralized custodian assets like WBTC.",r/solana
85,Bridging ad on phantom started appearing only in chinese.,18pzgs5,y1thinks,https://www.reddit.com/r/solana/comments/18pzgs5/bridging_ad_on_phantom_started_appearing_only_in/,5,2,2023-12-24 18:20:40,"Has this happened to anyone before? Any concerns for the wallet being compromised? I pretty much only stake in this wallet, and I have been burning all NFTs that get dropped into the wallet. Thanks!",r/solana
86,I‚Äôm curious what those who don‚Äôt worship coins plan to do with Solana in the next 12 months.,18pz2mv,ClotworthyChute,https://www.reddit.com/r/solana/comments/18pz2mv/im_curious_what_those_who_dont_worship_coins_plan/,38,87,2023-12-24 18:00:47,"I first bought Solana in 2021 for around $20, then bought more at around $30 and sold half of it at around $150 and bought Bitcoin. I have not bought any SOL this cycle and intend to repeat and sell about half of it again. I‚Äôm perplexed this time because there are so many variables. FOMO is getting insane. If ETH gets an ETF that might hurt sol somewhat, but if rumors of a SOL ETF get going there may be more movement. I just sold some GSOL after a 40% 3 day gain. GSOL has been crazy. What indicators are you watching?",r/solana
87,When to trim? TVL as an indicator?,18px6q7,idkyimruning,https://www.reddit.com/r/solana/comments/18px6q7/when_to_trim_tvl_as_an_indicator/,19,15,2023-12-24 16:20:28,"This has been an epic run and it seems like there is still plenty of room to grow!   That said, I‚Äôm wondering what people‚Äôs trimming strategies are?  Is TVL a decent indicator? If TVL goes down and less Solana is locked up, would that suggest that people are getting ready to sell?",r/solana
88,Ethereum memecoins bridging to Solana,18pwykw,OneDigitNumber,https://www.reddit.com/r/solana/comments/18pwykw/ethereum_memecoins_bridging_to_solana/,27,13,2023-12-24 16:08:18,"I've noticed a new narrative popping up of memecoins on Ethereum bridging over to SOL to take advantage of fast transactions and low fees.      The narrative seems to have been picking up after SPX6900 saw a huge spike in interest after doing so last week. Do you guys think this is a new baseline standard for ETH coins, or just a quick fad?",r/solana
89,So I only recently found out that sollet.io was gone and I just recovered my account. How do I convert my tuSOL back into sol?,18pwdxd,Senharampai,https://i.redd.it/1xxp3vbq798c1.png,7,3,2023-12-24 15:36:33,,r/solana
90,Solana rocks and becomes Ethereum killer,18pw433,Quaker78,https://www.reddit.com/r/solana/comments/18pw433/solana_rocks_and_becomes_ethereum_killer/,60,43,2023-12-24 15:20:42,A year and half ago I published a post here that Solana rocks and would become Ethereum killer and I was ridiculed. That post had to age as a wine to write again - Solana rocks! :D   https://www.reddit.com/r/solana/s/6TkAI8TUsJ,r/solana
91,I keep getting burned by memecoins,18pw1w8,fthenarrative,https://www.reddit.com/r/solana/comments/18pw1w8/i_keep_getting_burned_by_memecoins/,22,150,2023-12-24 15:17:09,I‚Äôm tired. Every single memecoin I get either drops 100% or gets rug pulled. How do I see people making 1000% gains and I cant seem to hit a 10% gain? Every single trending coin I see on birdeye has already been bought up by the whales before I could ever see it. How can I get a entry like they do? It seems they always time it right and make tons of money.,r/solana
92,Any other cryptos like solana that I should look out for.,18pvw8a,Advanced_Doctor_7046,https://www.reddit.com/r/solana/comments/18pvw8a/any_other_cryptos_like_solana_that_i_should_look/,19,115,2023-12-24 15:07:36,I‚Äôm new to crypto and this forum seems to have some winning players.,r/solana
93,SOL Unstaking Problem on Trust Wallet,18pvtkb,Sai-Leng-Zin,https://www.reddit.com/r/solana/comments/18pvtkb/sol_unstaking_problem_on_trust_wallet/,8,4,2023-12-24 15:02:58,"Hello! 4months ago I staked my remaining SOL in the Trust Wallet App with Native Staking. A few days ago, I unstaked all my SOL but it doesn't appear in my available SOL. When I check on solscan, it shows that Stake: Deactivate is executed but there is no transaction of my wallet receiving the unstaked SOL. Pls help.",r/solana
94,Fake coinbase anouncement by Brian Armstrong?,18pvqua,Perfect_Quote_2910,https://youtu.be/Hqo66TmUp4I?feature=shared,6,9,2023-12-24 14:59:04,I stumbled on a YouTube video which i think might be fake. The youtube channel doesn't look legit and the video could be AI generated. Maybe i am wrong but what do you guys think?,r/solana
95,Oldest solana meme token w/ burned LP?,18pvk6n,Healthy_Ad_5389,https://www.reddit.com/r/solana/comments/18pvk6n/oldest_solana_meme_token_w_burned_lp/,3,3,2023-12-24 14:47:38,Hello everyone. If anyone could help me find the oldest meme token on solana with burned lp or how I could find all the OG tokens from when solana was first launched would appreciate it.  Tried setting filters on dexscreener to find them and didn‚Äôt work well.,r/solana
96,Unpacking the Highlights from Solana Breakpoint 2023,18pvd2w,Shreyasraohmohite,https://www.reddit.com/r/solana/comments/18pvd2w/unpacking_the_highlights_from_solana_breakpoint/,4,3,2023-12-24 14:36:01,"The Solana Breakpoint 2023 was a goldmine of information, wasn't it? I was particularly impressed by the advancements in their Proof of History (PoH) consensus algorithm, which is like a breath of fresh air in the blockchain world. It's like swapping out an old VHS for a Blu-ray in terms of speed and efficiency. \\n\\nWhat's your take on Solana's potential to outpace Ethereum given its high throughput and lower transaction costs? Do you think it could become the new standard for DeFi applications? Let's discuss!",r/solana
97,Top Projects in the Solana Ecosystem to Watch,18purri,kirindewitt,https://www.reddit.com/r/solana/comments/18purri/top_projects_in_the_solana_ecosystem_to_watch/,9,20,2023-12-24 13:58:31,&#x200B;  [https:\/\/www.kucoin.com\/learn\/crypto\/top-crypto-projects-in-solana-ecosystem ](https://preview.redd.it/7we4ts37q88c1.png?width=1600&format=png&auto=webp&s=02bb9800135926ba112ad7f6a61bd0c13fd743f6),r/solana
98,Solscan not showing $ value of SLP token (noob question),18pujjy,Temporary-Bar-686,https://www.reddit.com/r/solana/comments/18pujjy/solscan_not_showing_value_of_slp_token_noob/,8,2,2023-12-24 13:42:41,This may be the most noob question ever about solscan and probably un-worthy of an answer  When does solscan start showing a $ value next to a newish SLP token when you click on your  SPL Token Balance? Are there pre-requisites or is just down to time?  Thankyou,r/solana
99,"If a team gives up on a project, does the token live on?",18pspwt,SHTOINKS191,https://www.reddit.com/r/solana/comments/18pspwt/if_a_team_gives_up_on_a_project_does_the_token/,8,15,2023-12-24 11:31:32,"Wondering because with GFY trending and based on ETH saying F solana, I feel the GFY on solana could take off.  Raydium has 70% but good and cheap liquidity. I just don‚Äôt know if I project can get ever delisted.  Wondering if this is considered a community project now",r/solana
